16.0	22.0	4.125	1.1	107.875	2.049204	0.0	0.625	0.06666667	0.13333334	0.0	0.0	0.8125	0.0	2.0	0.4375	-4.252215576171875	-4.991493507667824
18.0	18.0	4.0	1.0	306.3889	2.5749147	0.0	0.7222222	0.11764706	0.23529412	0.0	0.0625	0.8333333	2.0	2.0	0.5555556	-2.809833661247702	-3.6633227804432744
38.0	34.0	3.868421	1.2592592	253.39473	2.4776533	0.0	0.7105263	0.0	0.1891892	0.027777778	0.027777778	0.73333335	5.0	6.0	0.5263158	-2.7628532152497365	-4.277014705721893
13.0	13.0	4.6923075	1.0	226.46153	1.5490584	0.07692308	0.9230769	0.0	0.25	0.0	0.09090909	1.0	0.0	0.0	0.53846157	-0.5377057393391927	-3.9983019416714893
20.0	20.0	4.85	1.0526316	137.75	1.2703604	0.0	0.85	0.0	0.42105263	0.0	0.055555556	0.8947368	2.0	2.0	0.75	-1.264512998867879	-2.136562786271087
27.0	28.0	4.185185	1.1666666	196.88889	1.6556674	0.0	0.8518519	0.0	0.34615386	0.04	0.04	0.88461536	3.0	3.0	0.5925926	-1.9307363173540901	-3.3336482425387817
6.0	6.0	5.5	1.0	92.5	1.5230694	0.0	1.0	0.0	0.2	0.0	0.0	1.0	0.0	0.0	0.6666667	-0.4360933561582823	-2.7741317749023438
6.0	7.0	5.5	1.0	92.5	1.5230694	0.0	1.0	0.0	0.2	0.0	0.0	1.0	0.0	0.0	0.6666667	-0.4360933561582823	-2.6415813869900173
14.0	17.0	4.428571	1.0625	154.28572	2.1138961	0.071428575	0.85714287	0.07692308	0.30769232	0.083333336	0.0	1.0	2.0	3.0	0.5714286	-0.5311188053440403	-3.77197924527255
14.0	18.0	4.428571	1.0588236	154.28572	2.1138961	0.071428575	0.85714287	0.07692308	0.30769232	0.083333336	0.0	1.0	2.0	2.0	0.5714286	-0.5311188053440403	-3.604872508715558
26.0	28.0	4.8846154	1.1666666	142.26923	1.2524188	0.03846154	0.6923077	0.0	0.2	0.0	0.0	0.875	2.0	2.0	0.53846157	-1.88978515625	-3.6296244959677417
26.0	28.0	4.8846154	1.1666666	142.26923	1.2524188	0.03846154	0.6923077	0.0	0.2	0.0	0.0	0.875	2.0	2.0	0.53846157	-1.88978515625	-3.6296244959677417
14.0	12.0	4.285714	1.0	296.92856	2.0123217	0.0	0.9285714	0.0	0.30769232	0.083333336	0.0	1.0	2.0	2.0	0.42857143	-0.5176755341005997	-1.939950288231693
14.0	12.0	4.285714	1.0	296.92856	2.0123217	0.0	0.9285714	0.0	0.30769232	0.083333336	0.0	1.0	2.0	2.0	0.42857143	-0.5176755341005997	-1.939950288231693
29.0	33.0	4.793103	1.32	125.655174	1.9828457	0.06896552	0.7586207	0.035714287	0.42857143	0.0	0.11111111	0.9166667	4.0	6.0	0.6551724	-2.1975216335720487	-2.503570045172835
29.0	33.0	4.793103	1.32	125.655174	1.9828457	0.06896552	0.7586207	0.035714287	0.42857143	0.0	0.11111111	0.9166667	4.0	6.0	0.6551724	-2.1975216335720487	-2.503570045172835
40.0	42.0	4.125	1.4482758	338.675	2.0454786	0.0	0.95	0.051282052	0.35897437	0.02631579	0.0	0.96875	5.0	6.0	0.475	-0.4775948835976759	-4.365350924544598
40.0	42.0	4.125	1.4482758	338.675	2.0454786	0.0	0.95	0.051282052	0.35897437	0.02631579	0.0	0.96875	5.0	6.0	0.475	-0.4775948835976759	-4.365350924544598
16.0	17.0	4.1875	1.0625	150.0	1.4663196	0.0	1.0	0.06666667	0.4	0.071428575	0.0	1.0	2.0	2.0	0.4375	-0.4278364658355713	-4.365058743223852
12.0	12.0	4.9166665	1.0	230.83333	0.8276777	0.0	0.6666667	0.0	0.27272728	0.0	0.0	0.72727275	0.0	0.0	0.6666667	-3.305417902329389	-4.677680416383605
16.0	15.0	4.3125	1.0714285	150.8125	2.0096443	0.0	0.75	0.06666667	0.26666668	0.0	0.0	0.75	2.0	2.0	0.625	-2.916898587854897	-3.0730051040649413
27.0	27.0	3.851852	1.2272727	214.85185	1.7962472	0.0	0.8518519	0.0	0.3846154	0.0	0.12	0.875	3.0	3.0	0.5555556	-1.3115928830124262	-5.669683745413115
27.0	27.0	3.851852	1.2272727	214.85185	1.7962472	0.0	0.8518519	0.0	0.3846154	0.0	0.12	0.875	3.0	3.0	0.5555556	-1.3115928830124262	-5.669683745413115
37.0	47.0	4.4864864	1.4242424	176.64865	2.1630402	0.0	0.9189189	0.0	0.2777778	0.0	0.0	0.93333334	5.0	5.0	0.6216216	-1.007991868622449	-2.28593360720657
37.0	47.0	4.4864864	1.4242424	176.64865	2.1630402	0.0	0.9189189	0.0	0.2777778	0.0	0.0	0.93333334	5.0	5.0	0.6216216	-1.007991868622449	-2.28593360720657
19.0	19.0	5.7894735	1.0555556	297.10526	1.3360302	0.0	0.7894737	0.055555556	0.44444445	0.0	0.11764706	0.8235294	2.0	2.0	0.68421054	-2.649978759765625	-1.9815932451668432
19.0	19.0	5.7894735	1.0555556	297.10526	1.3360302	0.0	0.7894737	0.055555556	0.44444445	0.0	0.11764706	0.8235294	2.0	2.0	0.68421054	-2.649978759765625	-1.9815932451668432
27.0	37.0	3.851852	1.3214285	193.2963	2.0786395	0.0	0.8518519	0.0	0.23076923	0.04	0.04	0.95	4.0	3.0	0.44444445	-1.3336592174711681	-2.283397512724905
27.0	31.0	3.851852	1.1923077	193.2963	2.0786395	0.0	0.8518519	0.0	0.23076923	0.04	0.04	0.95	4.0	4.0	0.44444445	-1.3336592174711681	-3.440188937717014
27.0	31.0	3.851852	1.2916666	193.2963	2.0786395	0.0	0.8518519	0.0	0.23076923	0.04	0.04	0.95	4.0	4.0	0.44444445	-1.3336592174711681	-3.3622289504447993
15.0	16.0	4.2	1.0	219.93333	0.79164	0.0	1.0	0.0	0.42857143	0.0	0.15384616	1.0	0.0	0.0	0.6	-0.4423646424946032	-1.7289635380612145
15.0	13.0	4.2	1.0	219.93333	0.79164	0.0	1.0	0.0	0.42857143	0.0	0.15384616	1.0	0.0	0.0	0.6	-0.4423646424946032	-0.46976831555366516
15.0	16.0	4.2	1.0	219.93333	0.79164	0.0	1.0	0.0	0.42857143	0.0	0.15384616	1.0	0.0	0.0	0.6	-0.4423646424946032	-1.7289635380612145
15.0	16.0	4.266667	1.0	141.8	1.4248497	0.0	0.73333335	0.0	0.42857143	0.0	0.07692308	0.8	0.0	0.0	0.53333336	-1.8292204204358553	-4.410114635120738
15.0	16.0	4.266667	1.0	141.8	1.4248497	0.0	0.73333335	0.0	0.42857143	0.0	0.07692308	0.8	0.0	0.0	0.53333336	-1.8292204204358553	-4.410114635120738
15.0	16.0	4.266667	1.0666667	141.8	1.4248497	0.0	0.73333335	0.0	0.42857143	0.0	0.07692308	0.8	0.0	0.0	0.53333336	-1.8292204204358553	-2.7532271461925286
16.0	16.0	4.0	1.0	200.25	1.7883103	0.0	0.875	0.06666667	0.26666668	0.0	0.071428575	0.93333334	2.0	2.0	0.4375	-1.7998354032442168	-4.746343927069025
16.0	16.0	4.0	1.0	200.25	1.7883103	0.0	0.875	0.06666667	0.26666668	0.0	0.071428575	0.93333334	2.0	2.0	0.4375	-1.7998354032442168	-1.7730340292287428
16.0	15.0	4.0	1.0714285	200.25	1.7883103	0.0	0.875	0.06666667	0.26666668	0.0	0.071428575	0.93333334	2.0	2.0	0.4375	-1.7998354032442168	-3.0988188904601257
16.0	15.0	4.0	1.0714285	200.25	1.7883103	0.0	0.875	0.06666667	0.26666668	0.0	0.071428575	0.93333334	2.0	2.0	0.4375	-1.7998354032442168	-3.0988188904601257
16.0	15.0	4.0	1.0	200.25	1.7883103	0.0	0.875	0.06666667	0.26666668	0.0	0.071428575	0.93333334	2.0	2.0	0.4375	-1.7998354032442168	-4.401308134004667
16.0	15.0	4.0	1.0	200.25	1.7883103	0.0	0.875	0.06666667	0.26666668	0.0	0.071428575	0.93333334	2.0	2.0	0.4375	-1.7998354032442168	-4.401308134004667
16.0	16.0	4.0	1.0	200.25	1.7883103	0.0	0.875	0.06666667	0.26666668	0.0	0.071428575	0.93333334	2.0	2.0	0.4375	-1.7998354032442168	-1.7730340292287428
16.0	15.0	4.0	1.0714285	200.25	1.7883103	0.0	0.875	0.06666667	0.26666668	0.0	0.071428575	0.93333334	2.0	2.0	0.4375	-1.7998354032442168	-3.0988188904601257
11.0	10.0	4.7272725	1.0	185.0	2.077716	0.0	0.8181818	0.0	0.4	0.11111111	0.0	0.8181818	2.0	2.0	0.54545456	-2.0286632537841798	-2.3482663023705577
11.0	10.0	4.7272725	1.0	185.0	2.077716	0.0	0.8181818	0.0	0.4	0.11111111	0.0	0.8181818	2.0	2.0	0.54545456	-2.0286632537841798	-2.577205739122756
11.0	9.0	4.7272725	1.0	185.0	2.077716	0.0	0.8181818	0.0	0.4	0.11111111	0.0	0.8181818	2.0	0.0	0.54545456	-2.0286632537841798	-4.314360674689798
11.0	9.0	4.7272725	1.0	185.0	2.077716	0.0	0.8181818	0.0	0.4	0.11111111	0.0	0.8181818	2.0	0.0	0.54545456	-2.0286632537841798	-4.314360674689798
11.0	9.0	4.7272725	1.0	185.0	2.077716	0.0	0.8181818	0.0	0.4	0.11111111	0.0	0.8181818	2.0	0.0	0.54545456	-2.0286632537841798	-4.314360674689798
11.0	9.0	4.7272725	1.0	185.0	2.077716	0.0	0.8181818	0.0	0.4	0.11111111	0.0	0.8181818	2.0	0.0	0.54545456	-2.0286632537841798	-4.314360674689798
11.0	10.0	4.7272725	1.0	185.0	2.077716	0.0	0.8181818	0.0	0.4	0.11111111	0.0	0.8181818	2.0	2.0	0.54545456	-2.0286632537841798	-2.577205739122756
11.0	10.0	4.7272725	1.0	185.0	2.077716	0.0	0.8181818	0.0	0.4	0.11111111	0.0	0.8181818	2.0	2.0	0.54545456	-2.0286632537841798	-2.3482663023705577
40.0	41.0	3.725	1.28125	267.65	2.0092435	0.0	0.825	0.051282052	0.30769232	0.0	0.05263158	0.96875	4.0	4.0	0.275	-1.090232102767281	-2.5529971391726765
40.0	37.0	3.725	1.2758621	267.65	2.0092435	0.0	0.825	0.051282052	0.30769232	0.0	0.05263158	0.96875	4.0	4.0	0.275	-1.090232102767281	-4.496689636583273
40.0	44.0	3.725	1.2941177	267.65	2.0092435	0.0	0.825	0.051282052	0.30769232	0.0	0.05263158	0.96875	4.0	4.0	0.275	-1.090232102767281	-3.6303434760322397
40.0	44.0	3.725	1.2941177	267.65	2.0092435	0.0	0.825	0.051282052	0.30769232	0.0	0.05263158	0.96875	4.0	4.0	0.275	-1.090232102767281	-3.6303434760322397
40.0	39.0	3.725	1.3	267.65	2.0092435	0.0	0.825	0.051282052	0.30769232	0.0	0.05263158	0.96875	4.0	4.0	0.275	-1.090232102767281	-3.37915109217852
40.0	41.0	3.725	1.3225807	267.65	2.0092435	0.0	0.825	0.051282052	0.30769232	0.0	0.05263158	0.96875	4.0	4.0	0.275	-1.090232102767281	-4.758518198374156
40.0	37.0	3.725	1.2758621	267.65	2.0092435	0.0	0.825	0.051282052	0.30769232	0.0	0.05263158	0.96875	4.0	4.0	0.275	-1.090232102767281	-4.496689636583273
40.0	45.0	3.725	1.3636364	267.65	2.0092435	0.0	0.825	0.051282052	0.30769232	0.0	0.05263158	0.96875	4.0	4.0	0.275	-1.090232102767281	-4.312188602188258
12.0	12.0	5.3333335	1.0	129.08333	1.6155027	0.0	0.75	0.09090909	0.36363637	0.1	0.0	0.8181818	2.0	2.0	0.5833333	-1.7411265961111408	-4.28446533203125
12.0	12.0	5.3333335	1.0	129.08333	1.6155027	0.0	0.75	0.09090909	0.36363637	0.1	0.0	0.8181818	2.0	2.0	0.5833333	-1.7411265961111408	-4.28446533203125
12.0	12.0	5.3333335	1.0	129.08333	1.6155027	0.0	0.75	0.09090909	0.36363637	0.1	0.0	0.8181818	2.0	2.0	0.5833333	-1.7411265961111408	-4.28446533203125
28.0	26.0	4.535714	1.1304348	145.71428	2.345441	0.035714287	0.85714287	0.0	0.33333334	0.0	0.07692308	0.9230769	2.0	2.0	0.5	-1.1342339926208092	-1.130966702023068
28.0	26.0	4.535714	1.1304348	145.71428	2.345441	0.035714287	0.85714287	0.0	0.33333334	0.0	0.07692308	0.9230769	2.0	2.0	0.5	-1.1342339926208092	-1.130966702023068
28.0	26.0	4.535714	1.1304348	145.71428	2.345441	0.035714287	0.85714287	0.0	0.33333334	0.0	0.07692308	0.9230769	2.0	2.0	0.5	-1.1342339926208092	-1.130966702023068
40.0	40.0	4.75	1.0526316	271.175	8.727419	0.05	0.725	0.0	0.25641027	0.0	0.02631579	0.8611111	0.0	2.0	0.5	-2.2293419053819443	-2.964687249599359
40.0	40.0	4.75	1.0526316	271.175	8.727419	0.05	0.725	0.0	0.25641027	0.0	0.02631579	0.8611111	0.0	2.0	0.5	-2.2293419053819443	-2.964687249599359
40.0	40.0	4.75	1.0526316	271.175	8.727419	0.05	0.725	0.0	0.25641027	0.0	0.02631579	0.8611111	0.0	2.0	0.5	-2.2293419053819443	-2.964687249599359
21.0	23.0	4.1904764	1.15	347.38095	1.8211955	0.04761905	0.7619048	0.0	0.3	0.05263158	0.05263158	0.8888889	3.0	4.0	0.5714286	-2.3895765032087053	-5.178232353424358
30.0	32.0	3.9666667	1.1851852	140.0	1.1457002	0.033333335	0.6333333	0.0	0.2413793	0.0	0.035714287	0.7307692	2.0	2.0	0.56666666	-5.246100063981681	-6.105703949168989
31.0	33.0	4.096774	1.4347826	150.93549	1.6914018	0.032258064	0.7741935	0.0	0.26666668	0.0	0.10344828	0.72727275	5.0	4.0	0.48387095	-4.233791552091899	-4.600268030459164
18.0	19.0	4.1666665	1.0	274.8889	0.92140156	0.0	0.8888889	0.05882353	0.3529412	0.0	0.0	0.9444444	0.0	0.0	0.44444445	-0.5082718985421317	-2.3180098623599648
11.0	12.0	4.3636365	1.0	235.81818	2.064678	0.0	0.6363636	0.0	0.2	0.11111111	0.0	0.72727275	2.0	2.0	0.6363636	-5.653150285993304	-5.325299372438525
23.0	20.0	4.2608695	1.0526316	188.65218	1.6813544	0.04347826	0.95652175	0.0	0.45454547	0.04761905	0.14285715	1.0	3.0	3.0	0.5652174	-0.42232174343532985	-4.465483684929049
18.0	20.0	5.0555553	1.0526316	295.77777	1.7540147	0.055555556	0.7777778	0.0	0.1764706	0.0	0.0	0.8888889	2.0	2.0	0.5555556	-1.4713396756154187	-5.006748662930783
18.0	16.0	5.0555553	1.0	295.77777	1.7540147	0.055555556	0.7777778	0.0	0.1764706	0.0	0.0	0.8888889	2.0	0.0	0.5555556	-1.4713396756154187	-3.801105753580729
18.0	22.0	5.0555553	1.1578947	295.77777	1.7540147	0.055555556	0.7777778	0.0	0.1764706	0.0	0.0	0.8888889	2.0	2.0	0.5555556	-1.4713396756154187	-2.8750172599417265
18.0	22.0	5.0555553	1.1578947	295.77777	1.7540147	0.055555556	0.7777778	0.0	0.1764706	0.0	0.0	0.8888889	2.0	2.0	0.5555556	-1.4713396756154187	-2.8750172599417265
48.0	61.0	5.0416665	1.3863636	166.54167	2.139315	0.020833334	0.8125	0.04255319	0.23404256	0.02173913	0.06521739	0.94736844	4.0	4.0	0.5	-0.8346598307291667	-3.2884553608141447
48.0	54.0	5.0416665	1.35	166.54167	2.139315	0.020833334	0.8125	0.04255319	0.23404256	0.02173913	0.06521739	0.94736844	4.0	4.0	0.5	-0.8346598307291667	-4.417326949814619
48.0	59.0	5.0416665	1.3720931	166.54167	2.139315	0.020833334	0.8125	0.04255319	0.23404256	0.02173913	0.06521739	0.94736844	4.0	4.0	0.5	-0.8346598307291667	-2.6663457777039805
48.0	59.0	5.0416665	1.3720931	166.54167	2.139315	0.020833334	0.8125	0.04255319	0.23404256	0.02173913	0.06521739	0.94736844	4.0	4.0	0.5	-0.8346598307291667	-2.6663457777039805
29.0	31.0	4.0689654	1.0689656	131.13792	1.1817651	0.0	0.8965517	0.035714287	0.25	0.037037037	0.074074075	0.9310345	2.0	2.0	0.4827586	-1.8529201024015185	-2.620880464163933
29.0	34.0	4.0689654	1.1333333	131.13792	1.1817651	0.0	0.8965517	0.035714287	0.25	0.037037037	0.074074075	0.9310345	2.0	2.0	0.4827586	-1.8529201024015185	-1.5629324185646187
29.0	31.0	4.0689654	1.0689656	131.13792	1.1817651	0.0	0.8965517	0.035714287	0.25	0.037037037	0.074074075	0.9310345	2.0	2.0	0.4827586	-1.8529201024015185	-2.620880464163933
29.0	31.0	4.0689654	1.0689656	131.13792	1.1817651	0.0	0.8965517	0.035714287	0.25	0.037037037	0.074074075	0.9310345	2.0	2.0	0.4827586	-1.8529201024015185	-2.620880464163933
21.0	25.0	4.095238	1.1904762	269.61905	1.8587354	0.04761905	0.9047619	0.0	0.3	0.0	0.0	1.0	5.0	3.0	0.61904764	-0.5631452393763273	-3.537295144701761
16.0	16.0	3.875	1.1428572	201.9375	5.0195947	0.0	0.6875	0.06666667	0.13333334	0.0	0.0	0.93333334	2.0	2.0	0.625	-3.1877932161898226	-3.835608471399066
26.0	26.0	3.8846154	1.1304348	153.23077	0.72960824	0.0	0.9230769	0.04	0.36	0.083333336	0.041666668	1.0	0.0	0.0	0.3846154	-0.5420786743164062	-1.839325600482048
22.0	22.0	3.7272727	1.2941177	161.40909	1.0081336	0.0	0.77272725	0.0952381	0.3809524	0.1	0.05	0.85714287	2.0	2.0	0.5	-2.4518559265136717	-1.5575372839486727
22.0	21.0	3.7272727	1.4	161.40909	1.0081336	0.0	0.77272725	0.0952381	0.3809524	0.1	0.05	0.85714287	2.0	2.0	0.5	-2.4518559265136717	-1.7173255668891656
22.0	22.0	3.7272727	1.375	161.40909	1.0081336	0.0	0.77272725	0.0952381	0.3809524	0.1	0.05	0.85714287	2.0	2.0	0.5	-2.4518559265136717	-2.493808322482639
20.0	20.0	4.4	1.25	236.7	1.328512	0.0	0.7	0.10526316	0.21052632	0.0	0.0	0.8125	0.0	0.0	0.6	-2.3884524939195164	-4.02867250184755
20.0	19.0	4.4	1.2666667	236.7	1.328512	0.0	0.7	0.10526316	0.21052632	0.0	0.0	0.8125	0.0	2.0	0.6	-2.3884524939195164	-5.3705021320003095
20.0	19.0	4.4	1.2666667	236.7	1.328512	0.0	0.7	0.10526316	0.21052632	0.0	0.0	0.8125	0.0	2.0	0.6	-2.3884524939195164	-5.3705021320003095
45.0	46.0	4.577778	1.2777778	332.06668	1.2945577	0.0	0.82222223	0.09090909	0.29545453	0.0	0.0	0.85714287	3.0	3.0	0.4888889	-2.4328973041317328	-4.1403479050320815
45.0	49.0	4.577778	1.3243244	332.06668	1.2945577	0.0	0.82222223	0.09090909	0.29545453	0.0	0.0	0.85714287	3.0	3.0	0.4888889	-2.4328973041317328	-3.9188521190356185
45.0	49.0	4.577778	1.3243244	332.06668	1.2945577	0.0	0.82222223	0.09090909	0.29545453	0.0	0.0	0.85714287	3.0	3.0	0.4888889	-2.4328973041317328	-3.9188521190356185
31.0	28.0	3.967742	1.2727273	349.67743	1.9207566	0.032258064	0.9032258	0.033333335	0.36666667	0.0	0.06896552	0.9583333	4.0	4.0	0.41935483	-1.128902256088769	-4.274692269258721
10.0	11.0	4.6	1.0	432.4	2.750068	0.0	0.8	0.11111111	0.11111111	0.0	0.0	0.9	2.0	2.0	0.6	-2.3049061613262825	-5.338107868776483
29.0	25.0	4.413793	1.1363636	999.5517	2.2195187	0.0	0.7586207	0.0	0.25	0.0	0.037037037	0.82608694	2.0	2.0	0.62068963	-3.0753284801136362	-5.46475285591839
13.0	15.0	4.6923075	1.0	169.23077	1.7146761	0.0	0.7692308	0.083333336	0.083333336	0.0	0.0	0.84615386	2.0	2.0	0.61538464	-3.288478152852663	-5.541574849710836
13.0	15.0	4.6923075	1.0	169.23077	1.7146761	0.0	0.7692308	0.083333336	0.083333336	0.0	0.0	0.84615386	2.0	2.0	0.61538464	-3.288478152852663	-5.541574849710836
13.0	13.0	4.6923075	1.0	169.23077	1.7146761	0.0	0.7692308	0.083333336	0.083333336	0.0	0.0	0.84615386	2.0	2.0	0.61538464	-3.288478152852663	-4.623013348646567
13.0	15.0	4.6923075	1.0	169.23077	1.7146761	0.0	0.7692308	0.083333336	0.083333336	0.0	0.0	0.84615386	2.0	2.0	0.61538464	-3.288478152852663	-4.5122918952001285
13.0	15.0	4.6923075	1.0	169.23077	1.7146761	0.0	0.7692308	0.083333336	0.083333336	0.0	0.0	0.84615386	2.0	2.0	0.61538464	-3.288478152852663	-5.541574849710836
13.0	15.0	4.6923075	1.0	169.23077	1.7146761	0.0	0.7692308	0.083333336	0.083333336	0.0	0.0	0.84615386	2.0	2.0	0.61538464	-3.288478152852663	-5.541574849710836
13.0	13.0	4.6923075	1.0	169.23077	1.7146761	0.0	0.7692308	0.083333336	0.083333336	0.0	0.0	0.84615386	2.0	2.0	0.61538464	-3.288478152852663	-4.623013348646567
13.0	13.0	4.6923075	1.0	169.23077	1.7146761	0.0	0.7692308	0.083333336	0.083333336	0.0	0.0	0.84615386	2.0	2.0	0.61538464	-3.288478152852663	-4.623013348646567
13.0	13.0	4.6923075	1.0	169.23077	1.7146761	0.0	0.7692308	0.083333336	0.083333336	0.0	0.0	0.84615386	2.0	2.0	0.61538464	-3.288478152852663	-4.623013348646567
13.0	15.0	4.6923075	1.0	169.23077	1.7146761	0.0	0.7692308	0.083333336	0.083333336	0.0	0.0	0.84615386	2.0	2.0	0.61538464	-3.288478152852663	-4.5122918952001285
18.0	17.0	4.4444447	1.0	180.38889	2.6522706	0.0	0.9444444	0.05882353	0.1764706	0.0625	0.0	0.9411765	3.0	0.0	0.44444445	-1.516757883924119	-2.65798832820012
18.0	19.0	4.4444447	1.117647	180.38889	2.6522706	0.0	0.9444444	0.05882353	0.1764706	0.0625	0.0	0.9411765	3.0	3.0	0.44444445	-1.516757883924119	-3.5797456440172697
18.0	19.0	4.4444447	1.117647	180.38889	2.6522706	0.0	0.9444444	0.05882353	0.1764706	0.0625	0.0	0.9411765	3.0	3.0	0.44444445	-1.516757883924119	-3.5797456440172697
18.0	22.0	4.4444447	1.1578947	180.38889	2.6522706	0.0	0.9444444	0.05882353	0.1764706	0.0625	0.0	0.9411765	3.0	3.0	0.44444445	-1.516757883924119	-2.2848120949485087
18.0	19.0	4.4444447	1.117647	180.38889	2.6522706	0.0	0.9444444	0.05882353	0.1764706	0.0625	0.0	0.9411765	3.0	3.0	0.44444445	-1.516757883924119	-3.5797456440172697
18.0	19.0	4.4444447	1.117647	180.38889	2.6522706	0.0	0.9444444	0.05882353	0.1764706	0.0625	0.0	0.9411765	3.0	3.0	0.44444445	-1.516757883924119	-3.5797456440172697
18.0	19.0	4.4444447	1.117647	180.38889	2.6522706	0.0	0.9444444	0.05882353	0.1764706	0.0625	0.0	0.9411765	3.0	3.0	0.44444445	-1.516757883924119	-3.5797456440172697
18.0	19.0	4.4444447	1.117647	180.38889	2.6522706	0.0	0.9444444	0.05882353	0.1764706	0.0625	0.0	0.9411765	3.0	3.0	0.44444445	-1.516757883924119	-3.5797456440172697
18.0	19.0	4.4444447	1.117647	180.38889	2.6522706	0.0	0.9444444	0.05882353	0.1764706	0.0625	0.0	0.9411765	3.0	3.0	0.44444445	-1.516757883924119	-3.5797456440172697
18.0	22.0	4.4444447	1.1578947	180.38889	2.6522706	0.0	0.9444444	0.05882353	0.1764706	0.0625	0.0	0.9411765	3.0	3.0	0.44444445	-1.516757883924119	-2.2848120949485087
11.0	11.0	4.4545455	1.0	105.63636	1.2357346	0.09090909	0.6363636	0.0	0.3	0.11111111	0.11111111	0.8	0.0	0.0	0.6363636	-3.8668810088059	-2.1897551103071735
11.0	12.0	4.4545455	1.0	105.63636	1.2357346	0.09090909	0.6363636	0.0	0.3	0.11111111	0.11111111	0.8	0.0	0.0	0.6363636	-3.8668810088059	-2.0795452512543777
11.0	11.0	4.4545455	1.0	105.63636	1.2357346	0.09090909	0.6363636	0.0	0.3	0.11111111	0.11111111	0.8	0.0	0.0	0.6363636	-3.8668810088059	-3.959702647816051
11.0	11.0	4.4545455	1.0	105.63636	1.2357346	0.09090909	0.6363636	0.0	0.3	0.11111111	0.11111111	0.8	0.0	0.0	0.6363636	-3.8668810088059	-2.1709225303248356
11.0	12.0	4.4545455	1.0	105.63636	1.2357346	0.09090909	0.6363636	0.0	0.3	0.11111111	0.11111111	0.8	0.0	0.0	0.6363636	-3.8668810088059	-2.0795452512543777
11.0	12.0	4.4545455	1.0	105.63636	1.2357346	0.09090909	0.6363636	0.0	0.3	0.11111111	0.11111111	0.8	0.0	0.0	0.6363636	-3.8668810088059	-2.0795452512543777
11.0	11.0	4.4545455	1.0	105.63636	1.2357346	0.09090909	0.6363636	0.0	0.3	0.11111111	0.11111111	0.8	0.0	0.0	0.6363636	-3.8668810088059	-3.959702647816051
11.0	11.0	4.4545455	1.0	105.63636	1.2357346	0.09090909	0.6363636	0.0	0.3	0.11111111	0.11111111	0.8	0.0	0.0	0.6363636	-3.8668810088059	-3.959702647816051
11.0	11.0	4.4545455	1.0	105.63636	1.2357346	0.09090909	0.6363636	0.0	0.3	0.11111111	0.11111111	0.8	0.0	0.0	0.6363636	-3.8668810088059	-3.959702647816051
11.0	11.0	4.4545455	1.0	105.63636	1.2357346	0.09090909	0.6363636	0.0	0.3	0.11111111	0.11111111	0.8	0.0	0.0	0.6363636	-3.8668810088059	-2.1709225303248356
14.0	17.0	5.142857	1.1333333	148.92857	1.6543759	0.0	0.78571427	0.0	0.30769232	0.083333336	0.0	0.85714287	2.0	2.0	0.5714286	-1.6105616925710655	-3.2455902099609375
13.0	16.0	5.076923	1.0666667	67.46154	1.39217	0.0	0.6923077	0.0	0.33333334	0.0	0.09090909	0.7692308	2.0	3.0	0.6923077	-1.8575990354859984	-2.8618789121329065
33.0	33.0	4.5454545	1.1785715	206.54546	1.3610339	0.030303031	0.75757575	0.0	0.375	0.0	0.12903225	0.78571427	3.0	3.0	0.5151515	-3.1814343329914454	-5.732466654561872
54.0	58.0	4.037037	1.4146341	163.44444	1.6419148	0.037037037	0.8333333	0.03773585	0.35849056	0.01923077	0.01923077	0.9	5.0	5.0	0.537037	-1.266764820070195	-2.8108177707619864
54.0	53.0	4.037037	1.3589743	163.44444	1.6419148	0.037037037	0.8333333	0.03773585	0.35849056	0.01923077	0.01923077	0.9	5.0	5.0	0.537037	-1.266764820070195	-3.3786846315728782
39.0	38.0	4.6153846	1.1875	158.53847	2.2017555	0.051282052	0.7692308	0.0	0.2631579	0.0	0.027027028	0.90625	4.0	4.0	0.53846157	-0.9595593603971962	-3.875877758063892
39.0	38.0	4.6153846	1.1875	158.53847	2.2017555	0.051282052	0.7692308	0.0	0.2631579	0.0	0.027027028	0.90625	4.0	4.0	0.53846157	-0.9595593603971962	-3.875877758063892
32.0	37.0	4.65625	1.2758621	157.28125	1.6297337	0.03125	0.84375	0.06451613	0.22580644	0.033333335	0.033333335	0.9	3.0	3.0	0.40625	-2.163171110853637	-5.8318026210721685
32.0	35.0	4.65625	1.1666666	157.28125	1.6297337	0.03125	0.84375	0.06451613	0.22580644	0.033333335	0.033333335	0.9	3.0	3.0	0.40625	-2.163171110853637	-4.442358258126796
12.0	18.0	6.8333335	1.0588236	302.25	1.974109	0.0	0.6666667	0.0	0.0	0.0	0.0	0.8333333	2.0	2.0	0.8333333	-2.5890725942758412	-2.3058181318264563
12.0	14.0	6.8333335	1.0	302.25	1.974109	0.0	0.6666667	0.0	0.0	0.0	0.0	0.8333333	2.0	2.0	0.8333333	-2.5890725942758412	-2.575220235188802
12.0	14.0	6.8333335	1.0	302.25	1.974109	0.0	0.6666667	0.0	0.0	0.0	0.0	0.8333333	2.0	2.0	0.8333333	-2.5890725942758412	-2.590695020887587
12.0	18.0	6.8333335	1.0588236	302.25	1.974109	0.0	0.6666667	0.0	0.0	0.0	0.0	0.8333333	2.0	2.0	0.8333333	-2.5890725942758412	-2.3058181318264563
12.0	13.0	5.0833335	1.0	249.41667	0.9710513	0.0	0.9166667	0.0	0.27272728	0.0	0.2	0.9166667	0.0	0.0	0.33333334	-1.80950820278114	-2.7769163243910846
12.0	13.0	5.0833335	1.0	249.41667	0.9710513	0.0	0.9166667	0.0	0.27272728	0.0	0.2	0.9166667	0.0	0.0	0.33333334	-1.80950820278114	-2.818005113716585
12.0	13.0	5.0833335	1.0	249.41667	0.9710513	0.0	0.9166667	0.0	0.27272728	0.0	0.2	0.9166667	0.0	0.0	0.33333334	-1.80950820278114	-2.7924828302292597
12.0	13.0	5.0833335	1.0	249.41667	0.9710513	0.0	0.9166667	0.0	0.27272728	0.0	0.2	0.9166667	0.0	0.0	0.33333334	-1.80950820278114	-2.7769163243910846
12.0	11.0	5.25	1.0	415.33334	1.5524973	0.0	0.8333333	0.0	0.36363637	0.0	0.1	0.9166667	0.0	0.0	0.5	-1.6981171908443922	-4.842298103101326
12.0	12.0	5.25	1.0	415.33334	1.5524973	0.0	0.8333333	0.0	0.36363637	0.0	0.1	0.9166667	0.0	0.0	0.5	-1.6981171908443922	-3.945730554052146
12.0	11.0	5.25	1.0	415.33334	1.5524973	0.0	0.8333333	0.0	0.36363637	0.0	0.1	0.9166667	0.0	0.0	0.5	-1.6981171908443922	-3.346996250437267
12.0	11.0	5.25	1.0	415.33334	1.5524973	0.0	0.8333333	0.0	0.36363637	0.0	0.1	0.9166667	0.0	0.0	0.5	-1.6981171908443922	-4.842298103101326
19.0	22.0	5.0	1.2222222	193.8421	1.2905118	0.0	0.7894737	0.055555556	0.11111111	0.0	0.0	0.7894737	2.0	2.0	0.5263158	-3.102469149502841	-2.988948390794837
19.0	23.0	5.0	1.2105263	193.8421	1.2905118	0.0	0.7894737	0.055555556	0.11111111	0.0	0.0	0.7894737	2.0	2.0	0.5263158	-3.102469149502841	-2.9791100656884346
12.0	12.0	4.8333335	1.0909091	180.5	1.0641311	0.0	0.9166667	0.0	0.36363637	0.0	0.3	0.9166667	0.0	0.0	0.41666666	-1.836715025060317	-3.578156268010374
12.0	12.0	4.8333335	1.0909091	180.5	1.0641311	0.0	0.9166667	0.0	0.36363637	0.0	0.3	0.9166667	0.0	0.0	0.41666666	-1.836715025060317	-3.578156268010374
20.0	22.0	4.25	1.0476191	367.9	1.0519739	0.05	0.85	0.0	0.5263158	0.0	0.16666667	0.8947368	0.0	0.0	0.4	-1.389356575760187	-6.081682189436983
20.0	20.0	4.25	1.0526316	367.9	1.0519739	0.05	0.85	0.0	0.5263158	0.0	0.16666667	0.8947368	0.0	0.0	0.4	-1.389356575760187	-5.364475056276483
20.0	18.0	5.35	1.125	99.35	1.9045855	0.15	0.65	0.0	0.21052632	0.0	0.055555556	0.7647059	2.0	2.0	0.55	-3.6153606291740172	-3.6791151703381146
20.0	18.0	5.35	1.2	99.35	1.9045855	0.15	0.65	0.0	0.21052632	0.0	0.055555556	0.7647059	2.0	2.0	0.55	-3.6153606291740172	-3.8018509302383814
20.0	18.0	5.35	1.2	99.35	1.9045855	0.15	0.65	0.0	0.21052632	0.0	0.055555556	0.7647059	2.0	2.0	0.55	-3.6153606291740172	-3.8018509302383814
20.0	18.0	5.35	1.2	99.35	1.9045855	0.15	0.65	0.0	0.21052632	0.0	0.055555556	0.7647059	2.0	2.0	0.55	-3.6153606291740172	-3.8018509302383814
23.0	21.0	4.521739	1.05	153.86957	1.4339355	0.04347826	0.8695652	0.045454547	0.36363637	0.0	0.0952381	0.95	2.0	2.0	0.4347826	-1.2801142046528478	-4.01635472120437
23.0	20.0	4.521739	1.0526316	153.86957	1.4339355	0.04347826	0.8695652	0.045454547	0.36363637	0.0	0.0952381	0.95	2.0	2.0	0.4347826	-1.2801142046528478	-4.009672181796184
23.0	26.0	4.521739	1.0833334	153.86957	1.4339355	0.04347826	0.8695652	0.045454547	0.36363637	0.0	0.0952381	0.95	2.0	2.0	0.4347826	-1.2801142046528478	-4.129303656684028
23.0	20.0	4.521739	1.0526316	153.86957	1.4339355	0.04347826	0.8695652	0.045454547	0.36363637	0.0	0.0952381	0.95	2.0	2.0	0.4347826	-1.2801142046528478	-4.009672181796184
17.0	21.0	6.0588236	1.05	107.05882	1.478836	0.0	0.7647059	0.0	0.1875	0.0	0.06666667	0.8235294	2.0	2.0	0.5882353	-2.04104758953226	-4.522952270507813
17.0	20.0	6.0588236	1.0526316	107.05882	1.478836	0.0	0.7647059	0.0	0.1875	0.0	0.06666667	0.8235294	2.0	2.0	0.5882353	-2.04104758953226	-4.55870754435911
17.0	20.0	6.0588236	1.0526316	107.05882	1.478836	0.0	0.7647059	0.0	0.1875	0.0	0.06666667	0.8235294	2.0	2.0	0.5882353	-2.04104758953226	-4.55870754435911
17.0	20.0	6.0588236	1.0526316	107.05882	1.478836	0.0	0.7647059	0.0	0.1875	0.0	0.06666667	0.8235294	2.0	2.0	0.5882353	-2.04104758953226	-4.55870754435911
17.0	18.0	4.7058825	1.125	148.76471	2.8604128	0.0	0.88235295	0.0625	0.375	0.0	0.26666668	0.8666667	3.0	3.0	0.5882353	-1.4288285778414818	-1.4296324077405427
17.0	16.0	4.7058825	1.1428572	148.76471	2.8604128	0.0	0.88235295	0.0625	0.375	0.0	0.26666668	0.8666667	3.0	0.0	0.5882353	-1.4288285778414818	-3.146197098952073
17.0	17.0	4.7058825	1.2142857	148.76471	2.8604128	0.0	0.88235295	0.0625	0.375	0.0	0.26666668	0.8666667	3.0	3.0	0.5882353	-1.4288285778414818	-1.5339563208890248
15.0	16.0	4.5333333	1.0	377.93332	1.7366066	0.0	0.6666667	0.0	0.21428572	0.0	0.0	0.8	2.0	2.0	0.73333335	-4.241543154173259	-3.7193474663628474
15.0	16.0	4.5333333	1.0	377.93332	1.7366066	0.0	0.6666667	0.0	0.21428572	0.0	0.0	0.8	2.0	2.0	0.73333335	-4.241543154173259	-3.7193474663628474
15.0	14.0	4.5333333	1.0	377.93332	1.7366066	0.0	0.6666667	0.0	0.21428572	0.0	0.0	0.8	2.0	2.0	0.73333335	-4.241543154173259	-2.7764720008486794
8.0	10.0	6.25	1.0	150.75	2.4462087	0.125	0.75	0.0	0.14285715	0.0	0.0	0.875	2.0	2.0	0.625	-3.948910576956613	-2.1144556923518105
8.0	10.0	6.25	1.0	150.75	2.4462087	0.125	0.75	0.0	0.14285715	0.0	0.0	0.875	2.0	2.0	0.625	-3.948910576956613	-2.1144556923518105
8.0	10.0	6.25	1.0	150.75	2.4462087	0.125	0.75	0.0	0.14285715	0.0	0.0	0.875	2.0	2.0	0.625	-3.948910576956613	-2.0861428881448414
18.0	17.0	4.0555553	1.0625	292.33334	1.1295961	0.0	0.8888889	0.11764706	0.47058824	0.0	0.0625	0.9375	0.0	0.0	0.44444445	-2.659468737515536	-3.471099853515625
18.0	19.0	4.0555553	1.0555556	292.33334	1.1295961	0.0	0.8888889	0.11764706	0.47058824	0.0	0.0625	0.9375	0.0	0.0	0.44444445	-2.659468737515536	-3.98937338369864
18.0	16.0	4.0555553	1.0	292.33334	1.1295961	0.0	0.8888889	0.11764706	0.47058824	0.0	0.0625	0.9375	0.0	0.0	0.44444445	-2.659468737515536	-3.3394071617904975
27.0	28.0	4.3333335	1.2727273	207.48148	1.7991654	0.037037037	0.8518519	0.115384616	0.26923078	0.04	0.08	0.9130435	3.0	3.0	0.5185185	-1.170481654575893	-3.1304528153182676
27.0	29.0	4.3333335	1.3181819	207.48148	1.7991654	0.037037037	0.8518519	0.115384616	0.26923078	0.04	0.08	0.9130435	3.0	3.0	0.5185185	-1.170481654575893	-2.6964639936174666
27.0	31.0	4.3333335	1.24	207.48148	1.7991654	0.037037037	0.8518519	0.115384616	0.26923078	0.04	0.08	0.9130435	3.0	3.0	0.5185185	-1.170481654575893	-2.092431040857569
36.0	34.0	4.7222223	1.2592592	193.80556	2.2375917	0.0	0.7777778	0.0	0.22857143	0.0	0.05882353	0.8214286	5.0	5.0	0.6111111	-2.3876246159999215	-6.6192945115109705
36.0	41.0	4.7222223	1.28125	193.80556	2.2375917	0.0	0.7777778	0.0	0.22857143	0.0	0.05882353	0.8214286	5.0	6.0	0.6111111	-2.3876246159999215	-4.426631025834517
36.0	36.0	4.7222223	1.2	193.80556	2.2375917	0.0	0.7777778	0.0	0.22857143	0.0	0.05882353	0.8214286	5.0	6.0	0.6111111	-2.3876246159999215	-6.099154439786585
27.0	24.0	4.2222223	1.2	109.40741	18.602232	0.037037037	0.5925926	0.0	0.26923078	0.0	0.12	0.71428573	0.0	0.0	0.44444445	-3.980917380674042	-3.370672327871541
12.0	15.0	5.1666665	1.0714285	185.25	2.5917168	0.0	0.5833333	0.0	0.0	0.0	0.0	0.6666667	0.0	2.0	0.75	-3.3316504250110035	-4.210292718349359
28.0	31.0	4.535714	1.0689656	175.96428	1.524843	0.035714287	0.6785714	0.0	0.25925925	0.0	0.03846154	0.8214286	2.0	2.0	0.4642857	-3.104987138154491	-4.063210487365723
39.0	47.0	5.1025643	1.2702702	195.74359	1.9323505	0.025641026	0.7692308	0.0	0.21052632	0.027027028	0.027027028	0.92105263	2.0	2.0	0.64102566	-1.3606394666306516	-2.4881428463358275
36.0	36.0	4.25	1.1612903	366.83334	1.8639014	0.027777778	0.8333333	0.0	0.31428573	0.0	0.05882353	0.9375	2.0	2.0	0.5833333	-1.066159858078253	-2.8256966303853157
40.0	50.0	4.8	1.2820513	300.05	1.7876164	0.025	0.775	0.0	0.25641027	0.0	0.05263158	0.9166667	0.0	2.0	0.55	-0.9263858460543448	-2.5939160882318775
25.0	30.0	5.12	1.25	161.04	0.8352901	0.0	0.92	0.0	0.45833334	0.0	0.17391305	1.0	0.0	2.0	0.56	-0.45261231479265834	-1.4731987653459822
25.0	30.0	5.12	1.25	161.04	0.8352901	0.0	0.92	0.0	0.45833334	0.0	0.17391305	1.0	0.0	2.0	0.56	-0.45261231479265834	-1.4731987653459822
42.0	52.0	5.047619	1.2682927	139.71428	1.2567703	0.0	0.8095238	0.09756097	0.24390244	0.025	0.05	0.8918919	3.0	3.0	0.6904762	-1.6258875835372741	-3.904197474888393
42.0	53.0	5.047619	1.1777778	139.71428	1.2567703	0.0	0.8095238	0.09756097	0.24390244	0.025	0.05	0.8918919	3.0	4.0	0.6904762	-1.6258875835372741	-3.137513742506879
30.0	31.0	4.3333335	1.0689656	154.4	1.9695017	0.0	0.8333333	0.0	0.31034482	0.0	0.071428575	0.9310345	2.0	4.0	0.36666667	-1.7558418520035282	-5.204996004971591
30.0	27.0	4.3333335	1.0384616	154.4	1.9695017	0.0	0.8333333	0.0	0.31034482	0.0	0.071428575	0.9310345	2.0	4.0	0.36666667	-1.7558418520035282	-4.0929979922166515
22.0	17.0	2.9545455	1.2142857	448.5909	1.9018414	0.045454547	0.95454544	0.0	0.52380955	0.0	0.35	1.0	3.0	3.0	0.3181818	-0.4477240780749953	-1.945952724403059
22.0	17.0	2.9545455	1.2142857	448.5909	1.9018414	0.045454547	0.95454544	0.0	0.52380955	0.0	0.35	1.0	3.0	3.0	0.3181818	-0.4477240780749953	-1.8560773064108456
37.0	39.0	4.3783784	1.2580645	161.1892	2.0720444	0.027027028	0.8378378	0.027777778	0.2777778	0.0	0.114285715	0.9354839	3.0	3.0	0.5675676	-1.5132435334034455	-3.0987851229580965
37.0	36.0	4.3783784	1.1612903	161.1892	2.0720444	0.027027028	0.8378378	0.027777778	0.2777778	0.0	0.114285715	0.9354839	3.0	3.0	0.5675676	-1.5132435334034455	-2.9498941040039064
10.0	14.0	5.9	1.0	110.4	1.5327586	0.0	1.0	0.0	0.0	0.0	0.0	1.0	0.0	0.0	0.8	-0.5375876924884853	-3.3941213076876613
10.0	12.0	5.9	1.0	110.4	1.5327586	0.0	1.0	0.0	0.0	0.0	0.0	1.0	0.0	0.0	0.8	-0.5375876924884853	-3.7440638048895476
24.0	24.0	3.8333333	1.1428572	145.66667	14.49808	0.083333336	0.8333333	0.08695652	0.13043478	0.0	0.045454547	0.9	4.0	4.0	0.5416667	-3.2049608143097763	-5.706136431012835
16.0	15.0	4.6875	1.0714285	181.8125	1.5506089	0.0	0.6875	0.0	0.13333334	0.0	0.0	0.9375	0.0	0.0	0.5625	-0.5775513648986816	-4.355817694413035
21.0	19.0	4.5238094	1.0	220.61905	1.4608237	0.0	1.0	0.05	0.4	0.10526316	0.15789473	1.0	2.0	2.0	0.33333334	-0.3907333981674329	-3.7941412674753288
3.0	3.0	4.6666665	1.0	183.66667	0.68248796	0.0	1.0	0.0	0.5	0.0	0.0	1.0	0.0	0.0	0.6666667	-0.8048508763313293	-4.945646112615412
29.0	29.0	4.9310346	1.16	178.27586	1.3068373	0.0	0.82758623	0.10714286	0.25	0.037037037	0.0	0.9230769	2.0	2.0	0.62068963	-0.4058506517525179	-4.067886540919174
25.0	28.0	4.52	1.0769231	187.12	4.5826564	0.04	0.84	0.125	0.25	0.04347826	0.0	1.0	0.0	0.0	0.52	-1.2346011891084558	-2.4369676833184775
44.0	46.0	4.931818	1.0952381	158.04546	1.3569642	0.0	0.8636364	0.069767445	0.23255815	0.023809524	0.0	0.925	4.0	4.0	0.52272725	-1.2138712406158447	-2.607779431698927
44.0	49.0	4.931818	1.1395348	158.04546	1.3569642	0.0	0.8636364	0.069767445	0.23255815	0.023809524	0.0	0.925	4.0	4.0	0.52272725	-1.2138712406158447	-3.2946298418253877
44.0	49.0	4.931818	1.1666666	158.04546	1.3569642	0.0	0.8636364	0.069767445	0.23255815	0.023809524	0.0	0.925	4.0	4.0	0.52272725	-1.2138712406158447	-3.1940231594750887
44.0	51.0	4.931818	1.1860465	158.04546	1.3569642	0.0	0.8636364	0.069767445	0.23255815	0.023809524	0.0	0.925	4.0	5.0	0.52272725	-1.2138712406158447	-2.759020531466263
44.0	46.0	4.931818	1.0952381	158.04546	1.3569642	0.0	0.8636364	0.069767445	0.23255815	0.023809524	0.0	0.925	4.0	4.0	0.52272725	-1.2138712406158447	-2.607779431698927
44.0	51.0	4.931818	1.1590909	158.04546	1.3569642	0.0	0.8636364	0.069767445	0.23255815	0.023809524	0.0	0.925	4.0	4.0	0.52272725	-1.2138712406158447	-2.3817494883879053
44.0	50.0	4.931818	1.1627907	158.04546	1.3569642	0.0	0.8636364	0.069767445	0.23255815	0.023809524	0.0	0.925	4.0	4.0	0.52272725	-1.2138712406158447	-3.2571847098214284
19.0	21.0	4.736842	1.05	141.52632	1.2680309	0.0	0.94736844	0.055555556	0.33333334	0.0	0.11764706	1.0	2.0	2.0	0.57894737	-1.3386600422409345	-3.7369035623841365
19.0	21.0	4.736842	1.05	141.52632	1.2680309	0.0	0.94736844	0.055555556	0.33333334	0.0	0.11764706	1.0	2.0	2.0	0.57894737	-1.3386600422409345	-3.7369035623841365
19.0	22.0	4.736842	1.1	141.52632	1.2680309	0.0	0.94736844	0.055555556	0.33333334	0.0	0.11764706	1.0	2.0	2.0	0.57894737	-1.3386600422409345	-2.924984839654738
19.0	21.0	4.736842	1.1052631	141.52632	1.2680309	0.0	0.94736844	0.055555556	0.33333334	0.0	0.11764706	1.0	2.0	2.0	0.57894737	-1.3386600422409345	-4.5371770778623945
19.0	21.0	4.736842	1.1052631	141.52632	1.2680309	0.0	0.94736844	0.055555556	0.33333334	0.0	0.11764706	1.0	2.0	2.0	0.57894737	-1.3386600422409345	-3.6528978584226497
19.0	21.0	4.736842	1.1052631	141.52632	1.2680309	0.0	0.94736844	0.055555556	0.33333334	0.0	0.11764706	1.0	2.0	2.0	0.57894737	-1.3386600422409345	-3.6528978584226497
19.0	21.0	4.736842	1.05	141.52632	1.2680309	0.0	0.94736844	0.055555556	0.33333334	0.0	0.11764706	1.0	2.0	2.0	0.57894737	-1.3386600422409345	-3.7369035623841365
35.0	40.0	4.571429	1.3333334	312.45715	1.9591312	0.028571429	0.82857144	0.05882353	0.38235295	0.0	0.030303031	0.96666664	2.0	2.0	0.42857143	-0.5234606266021729	-2.3425596711781105
35.0	38.0	4.571429	1.3103448	312.45715	1.9591312	0.028571429	0.82857144	0.05882353	0.38235295	0.0	0.030303031	0.96666664	2.0	2.0	0.42857143	-0.5234606266021729	-2.452059465854322
35.0	40.0	4.571429	1.3333334	312.45715	1.9591312	0.028571429	0.82857144	0.05882353	0.38235295	0.0	0.030303031	0.96666664	2.0	2.0	0.42857143	-0.5234606266021729	-2.3425596711781105
35.0	40.0	4.571429	1.3333334	312.45715	1.9591312	0.028571429	0.82857144	0.05882353	0.38235295	0.0	0.030303031	0.96666664	2.0	2.0	0.42857143	-0.5234606266021729	-2.3425596711781105
35.0	40.0	4.571429	1.3333334	312.45715	1.9591312	0.028571429	0.82857144	0.05882353	0.38235295	0.0	0.030303031	0.96666664	2.0	2.0	0.42857143	-0.5234606266021729	-2.3425596711781105
35.0	40.0	4.571429	1.3333334	312.45715	1.9591312	0.028571429	0.82857144	0.05882353	0.38235295	0.0	0.030303031	0.96666664	2.0	2.0	0.42857143	-0.5234606266021729	-2.3425596711781105
35.0	37.0	4.571429	1.3214285	312.45715	1.9591312	0.028571429	0.82857144	0.05882353	0.38235295	0.0	0.030303031	0.96666664	2.0	2.0	0.42857143	-0.5234606266021729	-2.798772820844337
8.0	8.0	6.25	1.0	82.25	1.3208462	0.0	0.625	0.0	0.14285715	0.0	0.0	0.875	0.0	0.0	0.75	-2.2235690525599887	-4.333429373946845
8.0	8.0	6.25	1.0	82.25	1.3208462	0.0	0.625	0.0	0.14285715	0.0	0.0	0.875	0.0	0.0	0.75	-2.2235690525599887	-7.443516956676136
8.0	8.0	6.25	1.0	82.25	1.3208462	0.0	0.625	0.0	0.14285715	0.0	0.0	0.875	0.0	0.0	0.75	-2.2235690525599887	-4.333429373946845
8.0	8.0	6.25	1.0	82.25	1.3208462	0.0	0.625	0.0	0.14285715	0.0	0.0	0.875	0.0	0.0	0.75	-2.2235690525599887	-4.333429373946845
8.0	8.0	6.25	1.0	82.25	1.3208462	0.0	0.625	0.0	0.14285715	0.0	0.0	0.875	0.0	0.0	0.75	-2.2235690525599887	-7.443516956676136
8.0	8.0	6.25	1.0	82.25	1.3208462	0.0	0.625	0.0	0.14285715	0.0	0.0	0.875	0.0	0.0	0.75	-2.2235690525599887	-4.289349189171424
37.0	36.0	3.945946	1.125	240.32433	7.2015586	0.054054055	0.8648649	0.027777778	0.33333334	0.0	0.057142857	1.0	5.0	5.0	0.5135135	-1.615829726396981	-1.4753093619621236
37.0	37.0	3.945946	1.1212121	240.32433	7.2015586	0.054054055	0.8648649	0.027777778	0.33333334	0.0	0.057142857	1.0	5.0	5.0	0.5135135	-1.615829726396981	-2.9577420552571616
37.0	36.0	3.945946	1.125	240.32433	7.2015586	0.054054055	0.8648649	0.027777778	0.33333334	0.0	0.057142857	1.0	5.0	5.0	0.5135135	-1.615829726396981	-1.4753093619621236
37.0	36.0	3.945946	1.125	240.32433	7.2015586	0.054054055	0.8648649	0.027777778	0.33333334	0.0	0.057142857	1.0	5.0	5.0	0.5135135	-1.615829726396981	-1.4753093619621236
37.0	37.0	3.945946	1.1212121	240.32433	7.2015586	0.054054055	0.8648649	0.027777778	0.33333334	0.0	0.057142857	1.0	5.0	5.0	0.5135135	-1.615829726396981	-2.9577420552571616
37.0	35.0	3.945946	1.1290323	240.32433	7.2015586	0.054054055	0.8648649	0.027777778	0.33333334	0.0	0.057142857	1.0	5.0	5.0	0.5135135	-1.615829726396981	-1.529390167078206
20.0	16.0	3.2	1.2307693	294.5	12.650747	0.05	0.85	0.05263158	0.47368422	0.0	0.16666667	0.88235295	0.0	0.0	0.35	-1.6805578231811524	-0.4627992865744601
20.0	15.0	3.2	1.1538461	294.5	12.650747	0.05	0.85	0.05263158	0.47368422	0.0	0.16666667	0.88235295	0.0	0.0	0.35	-1.6805578231811524	-0.5844192993946564
20.0	16.0	3.2	1.2307693	294.5	12.650747	0.05	0.85	0.05263158	0.47368422	0.0	0.16666667	0.88235295	0.0	0.0	0.35	-1.6805578231811524	-0.4627992865744601
20.0	16.0	3.2	1.2307693	294.5	12.650747	0.05	0.85	0.05263158	0.47368422	0.0	0.16666667	0.88235295	0.0	0.0	0.35	-1.6805578231811524	-0.4627992865744601
20.0	15.0	3.2	1.1538461	294.5	12.650747	0.05	0.85	0.05263158	0.47368422	0.0	0.16666667	0.88235295	0.0	0.0	0.35	-1.6805578231811524	-0.5844192993946564
20.0	18.0	3.2	1.2	294.5	12.650747	0.05	0.85	0.05263158	0.47368422	0.0	0.16666667	0.88235295	0.0	0.0	0.35	-1.6805578231811524	-3.4106681674134496
18.0	15.0	3.7222223	1.0714285	242.88889	2.3939016	0.0	0.6666667	0.0	0.11764706	0.0	0.0	0.8125	3.0	3.0	0.6111111	-4.2626729071894776	-4.497751314346105
28.0	28.0	4.178571	1.2727273	313.89285	2.2725315	0.0	0.8214286	0.0	0.14814815	0.03846154	0.0	0.84	4.0	4.0	0.5	-1.2233300870352417	-2.70397641677265
36.0	42.0	4.3333335	1.1666666	159.66667	3.524187	0.0	0.7777778	0.057142857	0.25714287	0.05882353	0.0	0.8181818	2.0	2.0	0.5833333	-1.481448611697635	-3.5915414910567436
18.0	21.0	4.2222223	1.0	156.83333	1.3604478	0.0	0.8888889	0.0	0.3529412	0.0	0.0	0.8888889	0.0	0.0	0.5555556	-1.6309896615835338	-3.244538473426749
8.0	7.0	4.125	1.0	451.625	1.3385011	0.0	0.75	0.14285715	0.2857143	0.0	0.16666667	0.875	0.0	0.0	0.5	-3.061705564841246	-5.5175292186248
26.0	23.0	4.3076925	1.15	250.65384	3.834595	0.0	0.8076923	0.04	0.32	0.0	0.125	0.7916667	0.0	0.0	0.5	-1.92980273801889	-4.951867391896802
19.0	20.0	4.5789475	1.0526316	237.1579	1.7361994	0.0	0.84210527	0.0	0.22222222	0.0	0.0	0.9411765	2.0	2.0	0.6315789	-1.4170410748824334	-5.039832349093455
19.0	21.0	4.5789475	1.05	237.1579	1.7361994	0.0	0.84210527	0.0	0.22222222	0.0	0.0	0.9411765	2.0	2.0	0.6315789	-1.4170410748824334	-5.024729026938385
19.0	18.0	4.5789475	1.0	237.1579	1.7361994	0.0	0.84210527	0.0	0.22222222	0.0	0.0	0.9411765	2.0	2.0	0.6315789	-1.4170410748824334	-3.499474455180921
19.0	20.0	4.5789475	1.0526316	237.1579	1.7361994	0.0	0.84210527	0.0	0.22222222	0.0	0.0	0.9411765	2.0	2.0	0.6315789	-1.4170410748824334	-5.039832349093455
18.0	20.0	4.611111	1.1111112	142.38889	1.8834087	0.0	0.7777778	0.0	0.29411766	0.0	0.0	0.8888889	2.0	0.0	0.5555556	-1.5630331328420928	-1.4742721417628297
18.0	21.0	4.611111	1.1052631	142.38889	1.8834087	0.0	0.7777778	0.0	0.29411766	0.0	0.0	0.8888889	2.0	0.0	0.5555556	-1.5630331328420928	-2.164502861086002
18.0	21.0	4.611111	1.1052631	142.38889	1.8834087	0.0	0.7777778	0.0	0.29411766	0.0	0.0	0.8888889	2.0	2.0	0.5555556	-1.5630331328420928	-4.755338187839674
18.0	21.0	4.611111	1.05	142.38889	1.8834087	0.0	0.7777778	0.0	0.29411766	0.0	0.0	0.8888889	2.0	2.0	0.5555556	-1.5630331328420928	-3.9618312290736606
15.0	14.0	3.6666667	1.0	539.26666	1.7075231	0.0	0.93333334	0.0	0.21428572	0.0	0.07692308	0.9285714	0.0	0.0	0.53333336	-2.060919328169389	-4.6054971483018665
15.0	14.0	3.6666667	1.0	539.26666	1.7075231	0.0	0.93333334	0.0	0.21428572	0.0	0.07692308	0.9285714	0.0	0.0	0.53333336	-2.060919328169389	-4.563972368632277
15.0	14.0	3.6666667	1.0	539.26666	1.7075231	0.0	0.93333334	0.0	0.21428572	0.0	0.07692308	0.9285714	0.0	0.0	0.53333336	-2.060919328169389	-4.563972368632277
15.0	14.0	3.6666667	1.0	539.26666	1.7075231	0.0	0.93333334	0.0	0.21428572	0.0	0.07692308	0.9285714	0.0	0.0	0.53333336	-2.060919328169389	-4.563972368632277
30.0	35.0	4.366667	1.09375	224.46666	21.575935	0.06666667	0.7	0.10344828	0.20689656	0.0	0.0	0.9259259	4.0	4.0	0.6	-1.8450110650831653	-3.7333796836810405
19.0	17.0	3.6842105	1.0625	123.63158	11.866534	0.05263158	0.7894737	0.0	0.2777778	0.0	0.05882353	0.8888889	2.0	2.0	0.5263158	-2.8458074233111215	-3.652881563626803
16.0	13.0	4.5625	1.0833334	255.875	3.7490528	0.0	0.875	0.0	0.33333334	0.0	0.0	0.9285714	3.0	3.0	0.625	-1.567616361730239	-0.5053117010328505
23.0	22.0	4.173913	1.0476191	169.65218	1.728538	0.08695652	0.73913044	0.0	0.3181818	0.0	0.0	1.0	2.0	2.0	0.6086956	-0.573434566629344	-2.3098469486943
32.0	32.0	3.59375	1.28	322.75	10.697626	0.0625	0.84375	0.032258064	0.29032257	0.06666667	0.033333335	0.9166667	4.0	4.0	0.46875	-3.2947272164481025	-3.4025610169368004
24.0	23.0	4.75	1.0952381	165.45833	1.4829425	0.0	0.7083333	0.0	0.2173913	0.0	0.0	0.71428573	3.0	3.0	0.7083333	-3.3547643405288015	-1.8899070684858363
33.0	42.0	4.090909	1.5555556	117.36364	1.3427789	0.0	0.6060606	0.0625	0.09375	0.0	0.0	0.68	2.0	2.0	0.72727275	-3.571999987716195	-4.394657635929609
15.0	18.0	4.5333333	1.2857143	123.86667	24.563961	0.13333334	0.73333335	0.071428575	0.21428572	0.0	0.0	0.9285714	2.0	2.0	0.6666667	-2.969224953953224	-1.6377907686455304
41.0	50.0	5.487805	1.2820513	163.19513	1.750349	0.0	0.73170733	0.025	0.125	0.0	0.0	0.92105263	4.0	4.0	0.6585366	-1.2160995660141167	-2.4036202681692025
30.0	29.0	4.633333	1.1153846	148.26666	13.848074	0.06666667	0.6666667	0.06896552	0.1724138	0.0	0.0	0.92	5.0	5.0	0.7	-2.8663290518301503	-5.039855547399329
30.0	29.0	4.633333	1.1153846	148.26666	13.848074	0.06666667	0.6666667	0.06896552	0.1724138	0.0	0.0	0.92	5.0	5.0	0.7	-2.8663290518301503	-5.039855547399329
25.0	24.0	3.96	1.2	150.6	12.746494	0.08	0.68	0.041666668	0.375	0.0	0.13043478	0.9	2.0	2.0	0.6	-2.080349962250525	-4.0616409569455865
25.0	24.0	3.96	1.2	150.6	12.746494	0.08	0.68	0.041666668	0.375	0.0	0.13043478	0.9	2.0	2.0	0.6	-2.080349962250525	-4.0616409569455865
34.0	32.0	4.029412	1.1851852	296.64706	1.7637223	0.0	0.88235295	0.0	0.5151515	0.03125	0.125	0.9310345	3.0	3.0	0.5	-1.081766243440559	-2.130639964136584
34.0	35.0	4.029412	1.2068965	296.64706	1.7637223	0.0	0.88235295	0.0	0.5151515	0.03125	0.125	0.9310345	3.0	3.0	0.5	-1.081766243440559	-3.1916989413174717
20.0	21.0	4.0	1.05	169.55	2.329087	0.05	0.8	0.0	0.31578946	0.0	0.11111111	0.88235295	3.0	3.0	0.55	-2.515736738840739	-6.060793950007512
20.0	20.0	4.0	1.0526316	169.55	2.329087	0.05	0.8	0.0	0.31578946	0.0	0.11111111	0.88235295	3.0	3.0	0.55	-2.515736738840739	-7.294560596196338
20.0	20.0	4.0	1.0526316	169.55	2.329087	0.05	0.8	0.0	0.31578946	0.0	0.11111111	0.88235295	3.0	3.0	0.55	-2.515736738840739	-7.294560596196338
37.0	36.0	3.9729729	1.0909091	204.16216	7.548515	0.054054055	0.8108108	0.0	0.33333334	0.028571429	0.057142857	0.9117647	4.0	4.0	0.3783784	-1.6340413866096368	-3.0804254052473263
37.0	31.0	3.9729729	1.0333333	204.16216	7.548515	0.054054055	0.8108108	0.0	0.33333334	0.028571429	0.057142857	0.9117647	4.0	4.0	0.3783784	-1.6340413866096368	-3.3281384845112645
37.0	34.0	3.9729729	1.0625	204.16216	7.548515	0.054054055	0.8108108	0.0	0.33333334	0.028571429	0.057142857	0.9117647	4.0	4.0	0.3783784	-1.6340413866096368	-3.1896291490417816
7.0	8.0	3.4285715	1.0	106.28571	21.423018	0.14285715	0.71428573	0.0	0.33333334	0.0	0.0	1.0	0.0	0.0	0.71428573	-4.032524381365095	-3.4047794886997766
7.0	8.0	3.4285715	1.0	106.28571	21.423018	0.14285715	0.71428573	0.0	0.33333334	0.0	0.0	1.0	0.0	0.0	0.71428573	-4.032524381365095	-6.272188523236443
7.0	11.0	3.4285715	1.0	106.28571	21.423018	0.14285715	0.71428573	0.0	0.33333334	0.0	0.0	1.0	0.0	2.0	0.71428573	-4.032524381365095	-4.859555120053499
16.0	17.0	4.9375	1.1333333	128.125	2.5221028	0.0625	0.5625	0.0	0.26666668	0.0	0.071428575	0.73333335	3.0	3.0	0.6875	-4.764564933357658	-5.19502228381587
16.0	16.0	4.9375	1.0666667	128.125	2.5221028	0.0625	0.5625	0.0	0.26666668	0.0	0.071428575	0.73333335	3.0	3.0	0.6875	-4.764564933357658	-4.387103576660156
16.0	16.0	4.9375	1.0666667	128.125	2.5221028	0.0625	0.5625	0.0	0.26666668	0.0	0.071428575	0.73333335	3.0	3.0	0.6875	-4.764564933357658	-4.387103576660156
16.0	16.0	4.9375	1.0666667	128.125	2.5221028	0.0625	0.5625	0.0	0.26666668	0.0	0.071428575	0.73333335	3.0	3.0	0.6875	-4.764564933357658	-4.377987167210255
16.0	16.0	4.9375	1.0666667	128.125	2.5221028	0.0625	0.5625	0.0	0.26666668	0.0	0.071428575	0.73333335	3.0	3.0	0.6875	-4.764564933357658	-4.377987167210255
16.0	16.0	4.9375	1.0666667	128.125	2.5221028	0.0625	0.5625	0.0	0.26666668	0.0	0.071428575	0.73333335	3.0	3.0	0.6875	-4.764564933357658	-4.387103576660156
16.0	16.0	4.9375	1.0666667	128.125	2.5221028	0.0625	0.5625	0.0	0.26666668	0.0	0.071428575	0.73333335	3.0	3.0	0.6875	-4.764564933357658	-4.387103576660156
16.0	16.0	4.9375	1.0666667	128.125	2.5221028	0.0625	0.5625	0.0	0.26666668	0.0	0.071428575	0.73333335	3.0	3.0	0.6875	-4.764564933357658	-4.387103576660156
30.0	28.0	3.9	1.0	287.8	6.167161	0.033333335	0.9	0.06896552	0.5862069	0.035714287	0.17857143	1.0	4.0	4.0	0.36666667	-0.4509790593927557	-4.5645644496864
30.0	25.0	3.9	1.0416666	287.8	6.167161	0.033333335	0.9	0.06896552	0.5862069	0.035714287	0.17857143	1.0	4.0	4.0	0.36666667	-0.4509790593927557	-5.92450390625
30.0	29.0	3.9	1.074074	287.8	6.167161	0.033333335	0.9	0.06896552	0.5862069	0.035714287	0.17857143	1.0	4.0	4.0	0.36666667	-0.4509790593927557	-3.731765334670608
30.0	27.0	3.9	1.0	287.8	6.167161	0.033333335	0.9	0.06896552	0.5862069	0.035714287	0.17857143	1.0	4.0	4.0	0.36666667	-0.4509790593927557	-4.0121384223882295
30.0	27.0	3.9	1.0	287.8	6.167161	0.033333335	0.9	0.06896552	0.5862069	0.035714287	0.17857143	1.0	4.0	4.0	0.36666667	-0.4509790593927557	-4.0121384223882295
30.0	25.0	3.9	1.0416666	287.8	6.167161	0.033333335	0.9	0.06896552	0.5862069	0.035714287	0.17857143	1.0	4.0	4.0	0.36666667	-0.4509790593927557	-5.92450390625
30.0	29.0	3.9	1.074074	287.8	6.167161	0.033333335	0.9	0.06896552	0.5862069	0.035714287	0.17857143	1.0	4.0	4.0	0.36666667	-0.4509790593927557	-3.731765334670608
30.0	29.0	3.9	1.074074	287.8	6.167161	0.033333335	0.9	0.06896552	0.5862069	0.035714287	0.17857143	1.0	4.0	4.0	0.36666667	-0.4509790593927557	-3.731765334670608
39.0	43.0	5.179487	1.2647059	183.05128	8.476014	0.07692308	0.7948718	0.05263158	0.34210527	0.08108108	0.10810811	0.9032258	3.0	3.0	0.5897436	-2.458016680856036	-3.9332310126079775
39.0	43.0	5.179487	1.3870968	183.05128	8.476014	0.07692308	0.7948718	0.05263158	0.34210527	0.08108108	0.10810811	0.9032258	3.0	3.0	0.5897436	-2.458016680856036	-3.614019775390625
39.0	43.0	5.179487	1.2647059	183.05128	8.476014	0.07692308	0.7948718	0.05263158	0.34210527	0.08108108	0.10810811	0.9032258	3.0	3.0	0.5897436	-2.458016680856036	-3.9332310126079775
39.0	42.0	5.179487	1.2727273	183.05128	8.476014	0.07692308	0.7948718	0.05263158	0.34210527	0.08108108	0.10810811	0.9032258	3.0	3.0	0.5897436	-2.458016680856036	-4.3774388945151745
39.0	43.0	5.179487	1.2647059	183.05128	8.476014	0.07692308	0.7948718	0.05263158	0.34210527	0.08108108	0.10810811	0.9032258	3.0	3.0	0.5897436	-2.458016680856036	-3.9332310126079775
39.0	43.0	5.179487	1.3870968	183.05128	8.476014	0.07692308	0.7948718	0.05263158	0.34210527	0.08108108	0.10810811	0.9032258	3.0	3.0	0.5897436	-2.458016680856036	-3.614019775390625
39.0	43.0	5.179487	1.2647059	183.05128	8.476014	0.07692308	0.7948718	0.05263158	0.34210527	0.08108108	0.10810811	0.9032258	3.0	3.0	0.5897436	-2.458016680856036	-3.9332310126079775
39.0	43.0	5.179487	1.2647059	183.05128	8.476014	0.07692308	0.7948718	0.05263158	0.34210527	0.08108108	0.10810811	0.9032258	3.0	3.0	0.5897436	-2.458016680856036	-3.9332310126079775
15.0	14.0	3.7333333	1.0769231	369.13333	1.5589106	0.0	1.0	0.0	0.35714287	0.0	0.15384616	1.0	0.0	0.0	0.4	-0.5521988799606544	-3.2271319495307074
20.0	20.0	4.0	1.0526316	335.55	1.9200544	0.05	0.8	0.05263158	0.21052632	0.0	0.0	0.84210527	3.0	3.0	0.65	-3.5773789087931314	-3.8927841186523438
15.0	15.0	4.133333	1.0714285	152.8	20.025747	0.13333334	0.73333335	0.0	0.21428572	0.0	0.0	0.85714287	2.0	2.0	0.53333336	-4.54059841208262	-6.2777270148782165
26.0	26.0	4.230769	1.0833334	340.07693	12.512587	0.15384616	0.5	0.0	0.12	0.0	0.0	0.76	2.0	2.0	0.6923077	-5.0064826011657715	-5.604941920230263
26.0	26.0	4.230769	1.04	340.07693	12.512587	0.15384616	0.5	0.0	0.12	0.0	0.0	0.76	2.0	2.0	0.6923077	-5.0064826011657715	-4.75264576099537
26.0	26.0	4.230769	1.04	340.07693	12.512587	0.15384616	0.5	0.0	0.12	0.0	0.0	0.76	2.0	2.0	0.6923077	-5.0064826011657715	-4.75264576099537
26.0	26.0	4.230769	1.04	340.07693	12.512587	0.15384616	0.5	0.0	0.12	0.0	0.0	0.76	2.0	2.0	0.6923077	-5.0064826011657715	-4.75264576099537
26.0	26.0	4.230769	1.04	340.07693	12.512587	0.15384616	0.5	0.0	0.12	0.0	0.0	0.76	2.0	2.0	0.6923077	-5.0064826011657715	-5.349941530089447
41.0	39.0	3.3414633	1.2580645	210.12195	3.4192424	0.024390243	0.8780488	0.05	0.275	0.0	0.051282052	0.9677419	7.0	5.0	0.46341464	-1.2206432566923253	-5.339862093899419
41.0	33.0	3.3414633	1.1	210.12195	3.4192424	0.024390243	0.8780488	0.05	0.275	0.0	0.051282052	0.9677419	7.0	3.0	0.46341464	-1.2206432566923253	-6.261988022748162
41.0	33.0	3.3414633	1.1	210.12195	3.4192424	0.024390243	0.8780488	0.05	0.275	0.0	0.051282052	0.9677419	7.0	3.0	0.46341464	-1.2206432566923253	-6.261988022748162
41.0	37.0	3.3414633	1.2333333	210.12195	3.4192424	0.024390243	0.8780488	0.05	0.275	0.0	0.051282052	0.9677419	7.0	6.0	0.46341464	-1.2206432566923253	-6.295360316891642
41.0	33.0	3.3414633	1.1	210.12195	3.4192424	0.024390243	0.8780488	0.05	0.275	0.0	0.051282052	0.9677419	7.0	3.0	0.46341464	-1.2206432566923253	-6.261988022748162
28.0	28.0	4.178571	1.1666666	145.46428	12.335833	0.10714286	0.8214286	0.037037037	0.14814815	0.03846154	0.0	0.9583333	4.0	4.0	0.60714287	-2.641979936240376	-4.9538218180338545
28.0	29.0	4.178571	1.16	145.46428	12.335833	0.10714286	0.8214286	0.037037037	0.14814815	0.03846154	0.0	0.9583333	4.0	4.0	0.60714287	-2.641979936240376	-6.48931884765625
28.0	29.0	4.178571	1.16	145.46428	12.335833	0.10714286	0.8214286	0.037037037	0.14814815	0.03846154	0.0	0.9583333	4.0	4.0	0.60714287	-2.641979936240376	-6.48931884765625
28.0	29.0	4.178571	1.16	145.46428	12.335833	0.10714286	0.8214286	0.037037037	0.14814815	0.03846154	0.0	0.9583333	4.0	4.0	0.60714287	-2.641979936240376	-6.48931884765625
28.0	29.0	4.178571	1.16	145.46428	12.335833	0.10714286	0.8214286	0.037037037	0.14814815	0.03846154	0.0	0.9583333	4.0	4.0	0.60714287	-2.641979936240376	-6.48931884765625
49.0	51.0	4.714286	1.3421053	278.89795	1.7604147	0.040816326	0.63265306	0.041666668	0.14583333	0.0	0.0	0.7	3.0	3.0	0.5510204	-3.3530667575962867	-4.245650647798043
50.0	53.0	3.7	1.3947369	247.08	8.672014	0.06	0.74	0.06122449	0.2244898	0.041666668	0.0	0.8684211	5.0	5.0	0.54	-2.6892111353937223	-4.643599822741597
50.0	54.0	4.22	1.3846154	247.6	1.9507434	0.04	0.82	0.06122449	0.30612245	0.0	0.0625	0.9285714	4.0	6.0	0.44	-0.8734519210516237	-3.126771703259698
39.0	39.0	3.871795	1.1142857	174.0	10.7973	0.102564104	0.6923077	0.05263158	0.15789473	0.0	0.027027028	0.9117647	5.0	7.0	0.51282054	-3.75506591796875	-6.101809446839081
39.0	37.0	3.871795	1.0571429	174.0	10.7973	0.102564104	0.6923077	0.05263158	0.15789473	0.0	0.027027028	0.9117647	5.0	5.0	0.51282054	-3.75506591796875	-6.564801404705156
39.0	38.0	3.871795	1.117647	174.0	10.7973	0.102564104	0.6923077	0.05263158	0.15789473	0.0	0.027027028	0.9117647	5.0	7.0	0.51282054	-3.75506591796875	-5.128857132951183
39.0	39.0	3.871795	1.1142857	174.0	10.7973	0.102564104	0.6923077	0.05263158	0.15789473	0.0	0.027027028	0.9117647	5.0	7.0	0.51282054	-3.75506591796875	-6.101809446839081
13.0	11.0	3.9230769	1.0	162.84616	12.12741	0.07692308	0.84615386	0.0	0.41666666	0.0	0.18181819	0.9166667	0.0	0.0	0.46153846	-3.608890971199411	-2.3635362897600447
13.0	10.0	3.9230769	1.0	162.84616	12.12741	0.07692308	0.84615386	0.0	0.41666666	0.0	0.18181819	0.9166667	0.0	0.0	0.46153846	-3.608890971199411	-2.4333887640035377
13.0	10.0	3.9230769	1.0	162.84616	12.12741	0.07692308	0.84615386	0.0	0.41666666	0.0	0.18181819	0.9166667	0.0	0.0	0.46153846	-3.608890971199411	-2.560060089709712
13.0	11.0	3.9230769	1.0	162.84616	12.12741	0.07692308	0.84615386	0.0	0.41666666	0.0	0.18181819	0.9166667	0.0	0.0	0.46153846	-3.608890971199411	-2.3635362897600447
50.0	52.0	4.52	1.2682927	166.64	1.5280949	0.0	0.86	0.0	0.26530612	0.0	0.083333336	0.85365856	3.0	3.0	0.46	-1.5521707569980974	-4.054514946371822
50.0	53.0	4.52	1.2926829	166.64	1.5280949	0.0	0.86	0.0	0.26530612	0.0	0.083333336	0.85365856	3.0	3.0	0.46	-1.5521707569980974	-3.8752561757262325
50.0	52.0	4.52	1.2682927	166.64	1.5280949	0.0	0.86	0.0	0.26530612	0.0	0.083333336	0.85365856	3.0	3.0	0.46	-1.5521707569980974	-4.054514946371822
50.0	52.0	4.52	1.2682927	166.64	1.5280949	0.0	0.86	0.0	0.26530612	0.0	0.083333336	0.85365856	3.0	3.0	0.46	-1.5521707569980974	-4.054514946371822
44.0	47.0	4.5	1.382353	313.8409	2.9452398	0.0	0.9318182	0.023255814	0.3255814	0.023809524	0.04761905	0.94285715	4.0	4.0	0.54545456	-0.4673294778597557	-3.181713465309928
34.0	40.0	5.0588236	1.3333334	137.29411	18.082874	0.11764706	0.7352941	0.030303031	0.09090909	0.03125	0.0	0.9259259	3.0	3.0	0.5588235	-2.4374340327099118	-2.7926885164701023
17.0	16.0	6.1764708	1.0	139.0	3.9709494	0.0	0.88235295	0.125	0.25	0.0	0.0	0.88235295	0.0	0.0	0.7058824	-0.46453965504964195	-2.2928279660782724
38.0	44.0	4.0789475	1.3333334	380.5263	9.611177	0.13157895	0.7894737	0.054054055	0.24324325	0.055555556	0.0	0.9354839	4.0	4.0	0.5263158	-2.108778594642557	-3.72061571024232
26.0	27.0	4.0384617	1.173913	191.96153	2.7366245	0.03846154	0.7307692	0.0	0.2	0.0	0.0	0.8181818	4.0	4.0	0.7307692	-3.664482177734375	-3.980455330923094
26.0	22.0	3.5	1.1578947	259.76923	21.017557	0.03846154	0.6923077	0.0	0.28	0.0	0.083333336	0.8181818	4.0	4.0	0.5769231	-3.1700084339488637	-6.16111545936734
22.0	21.0	5.3636365	1.1666666	154.86363	2.0843508	0.0	0.77272725	0.0952381	0.0952381	0.05	0.0	0.7894737	4.0	4.0	0.6363636	-3.222489646629051	-4.038679560908565
19.0	20.0	4.263158	1.0526316	165.26315	15.9365425	0.10526316	0.7368421	0.0	0.055555556	0.0	0.0	0.8333333	0.0	0.0	0.6315789	-3.5537119012129934	-3.0961428555575283
22.0	23.0	4.3636365	1.15	133.40909	36.627243	0.13636364	0.6363636	0.0	0.14285715	0.0	0.0	0.75	0.0	0.0	0.59090906	-4.830062321254185	-4.67685863353588
29.0	30.0	4.862069	1.1538461	131.2069	1.3314493	0.0	0.7241379	0.035714287	0.21428572	0.0	0.037037037	0.89285713	0.0	0.0	0.4827586	-2.280072788992328	-1.594740851077041
29.0	30.0	4.862069	1.1538461	131.2069	1.3314493	0.0	0.7241379	0.035714287	0.21428572	0.0	0.037037037	0.89285713	0.0	0.0	0.4827586	-2.280072788992328	-1.594740851077041
29.0	27.0	4.862069	1.0384616	131.2069	1.3314493	0.0	0.7241379	0.035714287	0.21428572	0.0	0.037037037	0.89285713	0.0	0.0	0.4827586	-2.280072788992328	-2.307832921825865
18.0	17.0	3.6666667	1.0	152.5	4.9428005	0.0	0.7222222	0.0	0.3529412	0.0	0.1875	0.8333333	2.0	2.0	0.5	-3.015516304675444	-8.098005022321429
18.0	17.0	3.6666667	1.0	152.5	4.9428005	0.0	0.7222222	0.0	0.3529412	0.0	0.1875	0.8333333	2.0	2.0	0.5	-3.015516304675444	-8.098005022321429
18.0	19.0	3.6666667	1.0	152.5	4.9428005	0.0	0.7222222	0.0	0.3529412	0.0	0.1875	0.8333333	2.0	2.0	0.5	-3.015516304675444	-5.326789669874238
8.0	8.0	5.375	1.0	324.25	1.7134868	0.0	0.75	0.0	0.2857143	0.0	0.0	1.0	0.0	0.0	0.625	-0.5206547561956911	-2.460816776051241
8.0	8.0	5.375	1.0	324.25	1.7134868	0.0	0.75	0.0	0.2857143	0.0	0.0	1.0	0.0	0.0	0.625	-0.5206547561956911	-2.460816776051241
8.0	8.0	5.375	1.0	324.25	1.7134868	0.0	0.75	0.0	0.2857143	0.0	0.0	1.0	0.0	0.0	0.625	-0.5206547561956911	-2.460816776051241
11.0	8.0	3.3636363	1.0	329.27274	3.094742	0.0	0.90909094	0.1	0.2	0.0	0.0	1.0	0.0	0.0	0.18181819	-0.6775949312293011	-3.4746941702706473
11.0	8.0	3.3636363	1.0	329.27274	3.094742	0.0	0.90909094	0.1	0.2	0.0	0.0	1.0	0.0	0.0	0.18181819	-0.6775949312293011	-3.4746941702706473
9.0	8.0	3.0	1.0	472.33334	1.3331884	0.0	0.7777778	0.125	0.25	0.0	0.14285715	0.8888889	0.0	0.0	0.33333334	-3.541810204001034	-7.749225616455078
9.0	8.0	3.0	1.0	472.33334	1.3331884	0.0	0.7777778	0.125	0.25	0.0	0.14285715	0.8888889	0.0	0.0	0.33333334	-3.541810204001034	-7.749225616455078
20.0	29.0	5.05	1.3181819	270.05	5.4966335	0.0	0.7	0.0	0.36842105	0.055555556	0.16666667	0.84210527	2.0	2.0	0.55	-2.8789903026516153	-3.1618989530976838
20.0	26.0	5.05	1.2380953	270.05	5.4966335	0.0	0.7	0.0	0.36842105	0.055555556	0.16666667	0.84210527	2.0	2.0	0.55	-2.8789903026516153	-3.8457238939073353
7.0	7.0	5.285714	1.0	173.0	3.6300511	0.0	0.5714286	0.0	0.0	0.0	0.0	1.0	0.0	0.0	0.71428573	-2.8795376732235862	-5.131809779575893
7.0	9.0	5.285714	1.0	173.0	3.6300511	0.0	0.5714286	0.0	0.0	0.0	0.0	1.0	0.0	0.0	0.71428573	-2.8795376732235862	-4.996528278697621
7.0	7.0	5.285714	1.0	173.0	3.6300511	0.0	0.5714286	0.0	0.0	0.0	0.0	1.0	0.0	0.0	0.71428573	-2.8795376732235862	-5.131809779575893
7.0	9.0	5.285714	1.0	173.0	3.6300511	0.0	0.5714286	0.0	0.0	0.0	0.0	1.0	0.0	0.0	0.71428573	-2.8795376732235862	-4.996528278697621
7.0	9.0	5.285714	1.0	173.0	3.6300511	0.0	0.5714286	0.0	0.0	0.0	0.0	1.0	0.0	0.0	0.71428573	-2.8795376732235862	-4.996528278697621
17.0	17.0	4.529412	1.0625	95.29412	1.6508284	0.0	0.64705884	0.0	0.25	0.0	0.0	0.9375	2.0	2.0	0.7058824	-1.614653534941621	-3.819485751065341
17.0	18.0	4.529412	1.125	95.29412	1.6508284	0.0	0.64705884	0.0	0.25	0.0	0.0	0.9375	2.0	3.0	0.7058824	-1.614653534941621	-4.064988635835194
17.0	17.0	4.529412	1.0625	95.29412	1.6508284	0.0	0.64705884	0.0	0.25	0.0	0.0	0.9375	2.0	2.0	0.7058824	-1.614653534941621	-1.758229755219959
17.0	17.0	4.529412	1.0625	95.29412	1.6508284	0.0	0.64705884	0.0	0.25	0.0	0.0	0.9375	2.0	2.0	0.7058824	-1.614653534941621	-1.758229755219959
17.0	17.0	4.529412	1.0625	95.29412	1.6508284	0.0	0.64705884	0.0	0.25	0.0	0.0	0.9375	2.0	2.0	0.7058824	-1.614653534941621	-1.758229755219959
3.0	3.0	4.0	1.0	185.66667	0.9477956	0.0	1.0	0.0	0.0	0.0	0.0	1.0	0.0	0.0	0.0	-0.9280217715672084	-10.726061369243421
3.0	3.0	4.0	1.0	185.66667	0.9477956	0.0	1.0	0.0	0.0	0.0	0.0	1.0	0.0	0.0	0.0	-0.9280217715672084	-10.726061369243421
3.0	3.0	4.0	1.0	185.66667	0.9477956	0.0	1.0	0.0	0.0	0.0	0.0	1.0	0.0	0.0	0.0	-0.9280217715672084	-10.726061369243421
3.0	3.0	4.0	1.0	185.66667	0.9477956	0.0	1.0	0.0	0.0	0.0	0.0	1.0	0.0	0.0	0.0	-0.9280217715672084	-10.726061369243421
3.0	3.0	4.0	1.0	185.66667	0.9477956	0.0	1.0	0.0	0.0	0.0	0.0	1.0	0.0	0.0	0.0	-0.9280217715672084	-10.726061369243421
9.0	12.0	4.0	1.0	298.44446	1.1382457	0.0	1.0	0.0	0.375	0.0	0.0	1.0	0.0	0.0	0.44444445	-0.43900591828102287	-5.858339621803977
31.0	36.0	4.612903	1.2413793	114.0	1.2984674	0.0	0.7741935	0.033333335	0.2	0.0	0.0	0.78571427	2.0	2.0	0.58064514	-2.765392958059819	-3.510941338293331
12.0	10.0	4.8333335	1.0	171.91667	2.5343482	0.0	0.75	0.0	0.36363637	0.0	0.0	0.90909094	2.0	2.0	0.5	-1.9293488459800607	-5.796966552734375
19.0	17.0	4.263158	1.0625	132.94737	6.113923	0.0	0.68421054	0.0	0.3888889	0.05882353	0.05882353	0.625	3.0	3.0	0.7368421	-4.539249825984873	-5.893954128689236
29.0	29.0	4.4827585	1.1153846	146.96552	1.3073694	0.03448276	0.7586207	0.0	0.25	0.0	0.037037037	0.8214286	2.0	2.0	0.5862069	-2.3740587421492036	-2.9840202085433467
23.0	28.0	5.130435	1.2173913	178.26086	2.0085876	0.04347826	0.82608694	0.0	0.4090909	0.0	0.0952381	0.9047619	2.0	4.0	0.4347826	-1.799900441929914	-3.278812184053309
11.0	10.0	5.181818	1.0	134.54546	1.0929756	0.0	0.72727275	0.1	0.2	0.0	0.0	0.7	0.0	0.0	0.54545456	-3.389512957948627	-5.236037457575564
14.0	15.0	3.7142856	1.0714285	163.78572	1.5886877	0.0	0.64285713	0.0	0.23076923	0.0	0.0	0.6666667	2.0	2.0	0.64285713	-5.2281056065713205	-4.417286228489232
48.0	45.0	4.375	1.3636364	99.6875	14.718411	0.083333336	0.6458333	0.0	0.12765957	0.0	0.02173913	0.7352941	7.0	7.0	0.6041667	-3.671202624857667	-3.594634325514994
18.0	20.0	4.5	1.1111112	129.27777	1.9294783	0.0	0.8333333	0.05882353	0.29411766	0.0	0.0625	0.9411765	2.0	2.0	0.6666667	-2.546397050221761	-3.1119384765625
